tìm shop tốt ở Quận 6,shop Quận 6
nhà hàng gần Quận 2 có không,nhà hàng
tìm nhà hàng tốt ở Quận 3,nhà hàng Quận 3
tìm bãi gửi tốt ở Quận 2,bãi gửi Quận 2
bệnh viện gần Tân Bình có không,bệnh viện
phòng tập gần Thủ Đức có không,phòng tập
tìm tiệm làm móng bảo dưỡng,tiệm chăm sóc móng
tìm tiệm tốt ở Quận 8,tiệm Quận 8
bạn biết phòng nào ở Quận 1 không,phòng
bạn biết cửa hàng nào ở Gò Vấp không,cửa hàng
bạn biết cây ATM nào ở Sài Gòn Port không,cây ATM
cây ATM gần Quận 12 có không,cây ATM
bạn biết trạm xăng nào ở Quận 7 không,trạm xăng
tìm tiệm đóng khung tranh,tiệm khung tranh
tìm bác sĩ chỉnh hình,vật lý trị liệu
nhà hàng gần Quận 12 có không,nhà hàng
cafe gần Quận 7 có không,cafe
tìm nơi làm đơn xin việc chuyên nghiệp,dịch vụ viết CV
sò nướng muối ớt,quán sò nướng
cửa hàng gần Quận 8 có không,cửa hàng
tìm phòng tốt ở Quận 6,phòng Quận 6
tìm cửa hàng tốt ở Bình Tân,cửa hàng Bình Tân
bạn biết bệnh viện nào ở Sài Gòn Port không,bệnh viện
bạn biết trạm xăng nào ở Gò Vấp không,trạm xăng
tìm rạp chiếu phim có suất chiếu đêm,rạp chiếu phim
tìm tòa nhà cơ sở hạ tầng đầy đủ,dự án nhà ở
tìm cafe tốt ở Sài Gòn Port,cafe Sài Gòn Port
bạn biết trạm nào ở Quận 2 không,trạm
bạn biết bãi gửi nào ở Quận 7 không,bãi gửi
muốn ngồi cafe chill,quán cafe
bạn biết trạm nào ở Sài Gòn Port không,trạm
tìm phòng tập tốt ở Quận 8,phòng tập Quận 8
tìm cửa hàng tốt ở Quận 12,cửa hàng Quận 12
nhà hàng gần Phú Nhuận có không,nhà hàng
tìm tiệm tốt ở Quận 2,tiệm Quận 2
chả cá Lã Vọng nóng,quán chả cá
cây ATM gần Thủ Đức có không,cây ATM
cửa hàng gần Gò Vấp có không,cửa hàng
tìm quán ăn tốt ở Tân Phú,quán ăn Tân Phú
nước ép cam tươi,quán nước ép cam
quán ăn gần Tân Bình có không,quán ăn
bạn biết phòng tập nào ở Quận 8 không,phòng tập
chỗ nào có phòng game điện tử thực tế ảo,trung tâm trò chơi
shop gần Quận 9 có không,shop
cây ATM gần Quận 6 có không,cây ATM
tìm trạm xăng tốt ở Quận 3,trạm xăng Quận 3
tìm quán ăn tốt ở Quận 4,quán ăn Quận 4
trạm gần Quận 12 có không,trạm
cần phòng khám chẩn đoán hình ảnh,phòng chụp CT/MRI
tìm nơi giặt sàn,dịch vụ giặt sàn
quán ăn gần Sài Gòn Port có không,quán ăn
quán cà phê vừa học vừa làm,quán cà phê sách
cửa hàng gần Quận 2 có không,cửa hàng
chim cút quay đỏ,quán vịt nướng
tìm shop tốt ở Quận 7,shop Quận 7
tìm shop tốt ở Quận 9,shop Quận 9
cá kho tộ mặn mặn,quán ăn cá kho
tìm bệnh viện tốt ở Bình Tân,bệnh viện Bình Tân
tìm phòng khám chữa bệnh răng miệng,phòng khám nha khoa
bãi gửi gần Thủ Đức có không,bãi gửi
nhà hàng gần Sài Gòn Port có không,nhà hàng
bạn biết phòng tập nào ở Sài Gòn Port không,phòng tập
cây ATM gần Quận 10 có không,cây ATM
phòng gần Quận 1 có không,phòng
cafe gần Quận 11 có không,cafe
tìm nhà hàng tốt ở Quận 9,nhà hàng Quận 9
bạn biết shop nào ở Sài Gòn Port không,shop
tìm cây ATM tốt ở Quận 8,cây ATM Quận 8
shop gần Tân Bình có không,shop
bệnh viện gần Quận 5 có không,bệnh viện
tìm cửa hàng tốt ở Quận 1,cửa hàng Quận 1
bạn biết bãi gửi nào ở Bình Thạnh không,bãi gửi
vườn hoa nổi tiếng,vườn hoa
tìm khu vực chơi thể thao trong nhà,lớp học thể thao
bạn biết trạm xăng nào ở Quận 6 không,trạm xăng
địa điểm làm thủ tục đăng ký xe máy,trung tâm đăng kiểm
tìm trạm xăng tốt ở Bình Thạnh,trạm xăng Bình Thạnh
bạn biết trạm nào ở Quận 8 không,trạm
tìm cây ATM tốt ở Quận 4,cây ATM Quận 4
quán karaoke cao cấp,quán karaoke
tìm tiệm làm nail tươi mới,nail salon
trạm xăng gần Quận 4 có không,trạm xăng
bạn biết bệnh viện nào ở Phú Nhuận không,bệnh viện
cây ATM gần Bình Thạnh có không,cây ATM
bạn biết shop nào ở Quận 9 không,shop
nhà hàng gần Tân Phú có không,nhà hàng
cần lót giày thêm rộng,tiệm sửa giày
bạn biết shop nào ở Quận 3 không,shop
bạn biết quán ăn nào ở Quận 2 không,quán ăn
tìm quán pizza sang trọng,nhà hàng pizza
bệnh viện gần Quận 3 có không,bệnh viện
sân khấu biểu diễn nhạc,sân khấu biểu diễn
tìm bãi gửi tốt ở Tân Phú,bãi gửi Tân Phú
nhà hàng sushi và sashimi,nhà hàng sushi
trạm xăng gần Phú Nhuận có không,trạm xăng
bạn biết phòng tập nào ở Quận 5 không,phòng tập
tìm cafe tốt ở Quận 7,cafe Quận 7
phòng gần Quận 2 có không,phòng
bãi gửi gần Quận 7 có không,bãi gửi
bạn biết bãi gửi nào ở Quận 3 không,bãi gửi
cửa hàng gần Bình Thạnh có không,cửa hàng
cafe gần Quận 5 có không,cafe
trạm gần Quận 8 có không,trạm
bạn biết bãi gửi nào ở Quận 2 không,bãi gửi
nhà hàng gần Quận 8 có không,nhà hàng
cần sửa cửa sổ bị gãy,dịch vụ sửa cửa sổ
bạn biết phòng tập nào ở Bình Thạnh không,phòng tập
nhà ma ma ám,nhà ma
tìm nhà hàng tốt ở Thủ Đức,nhà hàng Thủ Đức
bạn biết phòng tập nào ở Quận 1 không,phòng tập
tìm cafe tốt ở Quận 3,cafe Quận 3
tìm bệnh viện tốt ở Quận 6,bệnh viện Quận 6
aparthotel cho thuê ngắn hạn,aparthotel
nhà hàng gần Quận 5 có không,nhà hàng
nhà hàng gần Gò Vấp có không,nhà hàng
bạn biết trạm xăng nào ở Sài Gòn Port không,trạm xăng
bạn biết cửa hàng nào ở Phú Nhuận không,cửa hàng
tìm bệnh viện tốt ở Sài Gòn Port,bệnh viện Sài Gòn Port
trạm gần Quận 4 có không,trạm
cá lóc nướng giấy bạc,quán cá nướng
tìm phòng tập tốt ở Quận 6,phòng tập Quận 6
tìm bệnh viện tốt ở Thủ Đức,bệnh viện Thủ Đức
tìm cafe tốt ở Tân Bình,cafe Tân Bình
bạn biết quán ăn nào ở Quận 6 không,quán ăn
tìm bệnh viện tốt ở Quận 12,bệnh viện Quận 12
cần tìm dịch vụ tư vấn thời trang,dịch vụ tư vấn
tìm trạm tốt ở Quận 6,trạm Quận 6
căn hộ dịch vụ đủ tiện nghi,căn hộ dịch vụ
tìm trạm tốt ở Phú Nhuận,trạm Phú Nhuận
quán xôi gạo lứt lạc,quán xôi
bạn biết cây ATM nào ở Quận 10 không,cây ATM
tìm tiệm tốt ở Phú Nhuận,tiệm Phú Nhuận
bạn biết nhà hàng nào ở Quận 9 không,nhà hàng
bạn biết tiệm nào ở Sài Gòn Port không,tiệm
bạn biết cửa hàng nào ở Quận 9 không,cửa hàng
shop gần Quận 3 có không,shop
chỗ nào cóp phí chứng thực,dịch vụ chứng thực
tiệm gần Quận 12 có không,tiệm
tìm trạm tốt ở Thủ Đức,trạm Thủ Đức
cây ATM gần Quận 2 có không,cây ATM
bạn biết tiệm nào ở Quận 2 không,tiệm
sâm baati khô,quán sâm
bạn biết cafe nào ở Quận 2 không,cafe
bạn biết quán ăn nào ở Sài Gòn Port không,quán ăn
cafe gần Tân Bình có không,cafe
tiệm gần Phú Nhuận có không,tiệm
shop gần Tân Phú có không,shop
tìm bệnh viện tốt ở Quận 5,bệnh viện Quận 5
cafe gần Quận 4 có không,cafe
quán ăn gần Quận 3 có không,quán ăn
tìm trạm xăng tốt ở Quận 6,trạm xăng Quận 6
bể bơi công cộng,bể bơi
bạn biết cây ATM nào ở Bình Thạnh không,cây ATM
tìm bãi gửi tốt ở Quận 11,bãi gửi Quận 11
bạn biết bệnh viện nào ở Quận 9 không,bệnh viện
tìm nơi thủ tục xin phép xây dựng,sở xây dựng
tìm dịch vụ gửi hàng,dịch vụ gửi hàng
bạn biết phòng nào ở Quận 10 không,phòng
bạn biết trạm nào ở Quận 11 không,trạm
bạn biết phòng tập nào ở Tân Phú không,phòng tập
cần xin cấp phép môi trường,sở môi trường
tìm bãi gửi tốt ở Quận 5,bãi gửi Quận 5
tìm phòng tốt ở Quận 9,phòng Quận 9
cafe gần Gò Vấp có không,cafe
bạn biết shop nào ở Quận 6 không,shop
tìm quán ăn tốt ở Quận 12,quán ăn Quận 12
cửa hàng gần Quận 9 có không,cửa hàng
tìm dịch vụ cắt tóc chuyên nghiệp,dịch vụ cắt tóc
bệnh viện đa khoa lớn,bệnh viện đa khoa
sân tennis ngoài trời,sân tennis
tìm dịch vụ trang trí tiệc,dịch vụ trang trí
cây ATM gần Quận 7 có không,cây ATM
tìm dịch vụ dịch thuật,dịch vụ dịch thuật
tìm nơi nộp bảo hiểm xã hội,phòng bảo hiểm xã hội
cây ATM gần Tân Phú có không,cây ATM
tìm trạm tốt ở Quận 10,trạm Quận 10
cơm tấm sườn cay ngon,quán ăn cơm tấm
tìm nhà hàng tốt ở Quận 1,nhà hàng Quận 1
phòng tập gần Quận 12 có không,phòng tập
quán ăn gần Tân Phú có không,quán ăn
tìm shop tốt ở Quận 12,shop Quận 12
tìm trạm tốt ở Quận 3,trạm Quận 3
trạm xăng gần Quận 3 có không,trạm xăng
chè cốc tươi mát,quán chè
cà phê sữa đá lạnh,quán cà phê sữa
tìm quán ăn tốt ở Gò Vấp,quán ăn Gò Vấp
bạn biết shop nào ở Quận 1 không,shop
bạn biết trạm xăng nào ở Quận 4 không,trạm xăng
tìm phòng tập tốt ở Quận 9,phòng tập Quận 9
nhà hàng gần Quận 4 có không,nhà hàng
tìm quán ăn bún thịt nướng gần trường,quán ăn bánh mì
phòng gần Phú Nhuận có không,phòng
phòng tập gần Quận 3 có không,phòng tập
bạn biết bãi gửi nào ở Quận 10 không,bãi gửi
tìm trạm xăng tốt ở Quận 1,trạm xăng Quận 1
tiệm bánh ngọt đẹp mắt,tiệm bánh ngọt
tiệm gần Quận 8 có không,tiệm
cần dịch vụ tẩy trắng răng,nha khoa làm trắng
muốn ăn buffet hải sản tươi sống,nhà hàng buffet
tìm phòng tốt ở Quận 11,phòng Quận 11
cây ATM gần Quận 11 có không,cây ATM
bạn biết cửa hàng nào ở Quận 4 không,cửa hàng
bạn biết bãi gửi nào ở Quận 8 không,bãi gửi
tìm bệnh viện tốt ở Bình Thạnh,bệnh viện Bình Thạnh
bạn biết bệnh viện nào ở Thủ Đức không,bệnh viện
shop gần Bình Tân có không,shop
bạn biết nhà hàng nào ở Quận 7 không,nhà hàng
phòng gần Quận 3 có không,phòng
trạm xăng gần Quận 5 có không,trạm xăng
bạn biết cây ATM nào ở Quận 9 không,cây ATM
cần gửi xe máy,bãi gửi xe máy
quán gà nướng vàng ươm,quán gà nướng
tìm tiệm tốt ở Tân Bình,tiệm Tân Bình
cần sửa xe ô tô,tiệm sửa xe ô tô
bệnh viện dã chiến tầm phủ,bệnh viện dã chiến
tìm cafe tốt ở Quận 12,cafe Quận 12
quán ăn gần Phú Nhuận có không,quán ăn
tìm phòng tập tốt ở Sài Gòn Port,phòng tập Sài Gòn Port
chỗ nào yên tĩnh để học bài,thư viện
bạn biết trạm nào ở Tân Phú không,trạm
bệnh viện gần Quận 4 có không,bệnh viện
muốn mua sắm quần áo thời trang,trung tâm thương mại
bạn biết cửa hàng nào ở Quận 6 không,cửa hàng
cần mở tài khoản tiết kiệm,ngân hàng tiết kiệm
bạn biết tiệm nào ở Quận 7 không,tiệm
bệnh viện gần Thủ Đức có không,bệnh viện
bạn biết cây ATM nào ở Quận 3 không,cây ATM
quán ăn gần Bình Thạnh có không,quán ăn
tìm cafe tốt ở Quận 2,cafe Quận 2
tìm cửa hàng tốt ở Quận 8,cửa hàng Quận 8
bệnh viện gần Bình Thạnh có không,bệnh viện
bạn biết nhà hàng nào ở Quận 6 không,nhà hàng
bạn biết cây ATM nào ở Quận 1 không,cây ATM
tìm phòng giao dịch Agribank,ngân hàng nông nghiệp
bạn biết phòng nào ở Tân Phú không,phòng
tìm nơi nộp hóa đơn đỏ,phòng thuế
quán ăn gần Quận 6 có không,quán ăn
tìm cafe tốt ở Quận 1,cafe Quận 1
tìm phòng tốt ở Quận 4,phòng Quận 4
trạm xăng gần Tân Phú có không,trạm xăng
địa điểm nhận bưu phẩm quốc tế,bưu điện
bạn biết bệnh viện nào ở Quận 2 không,bệnh viện
bạn biết bệnh viện nào ở Quận 3 không,bệnh viện
cần dịch vụ chỉnh sửa áo quần,dịch vụ may vá
giò chả luộc,quán giò chả
bạn biết trạm xăng nào ở Quận 1 không,trạm xăng
tìm quán ăn tốt ở Quận 11,quán ăn Quận 11
bạn biết cafe nào ở Quận 4 không,cafe
tìm nơi rửa xe máy,rửa xe máy
khách sạn 5 sao sang trọng,khách sạn 5 sao
phòng tập gần Quận 7 có không,phòng tập
ăn bánh canh cua ngon,quán bánh canh
cafe gần Quận 1 có không,cafe
cần mua thức ăn và đồ chơi cho chó,cửa hàng thú cưng
tìm cửa hàng tốt ở Quận 7,cửa hàng Quận 7
phòng tập gần Bình Tân có không,phòng tập
tìm phòng tập tốt ở Quận 12,phòng tập Quận 12
nhà hàng gần Quận 11 có không,nhà hàng
bạn biết trạm xăng nào ở Tân Phú không,trạm xăng
chỗ nào có bán nước uống đóng chai nóng lạnh,cây nước nóng lạnh
phòng tập gần Quận 11 có không,phòng tập
tìm tiệm tốt ở Sài Gòn Port,tiệm Sài Gòn Port
bạn biết quán ăn nào ở Tân Phú không,quán ăn
phòng gần Quận 8 có không,phòng
mua túi xách nữ cao cấp,cửa hàng túi xách
bạn biết phòng tập nào ở Quận 9 không,phòng tập
phòng tập gần Quận 6 có không,phòng tập
bạn biết trạm nào ở Quận 4 không,trạm
tìm shop tốt ở Quận 10,shop Quận 10
tìm phòng khám mắt uy tín,phòng khám mắt
cây ATM gần Quận 3 có không,cây ATM
kem dừa ngon,quán kem dừa
bạn biết cửa hàng nào ở Tân Phú không,cửa hàng
tìm tiệm tốt ở Quận 1,tiệm Quận 1
bạn biết tiệm nào ở Bình Thạnh không,tiệm
bạn biết quán ăn nào ở Quận 1 không,quán ăn
cần làm thủ tục visa,trung tâm visa
trà sữa trân châu cao cấp,quán trà sữa
tìm trạm tốt ở Quận 1,trạm Quận 1
cần làm thủ tục hôn nhân,phòng đăng ký hôn nhân
bạn biết shop nào ở Quận 11 không,shop
công viên chủ đề Disneyland,công viên chủ đề
bãi gửi gần Quận 3 có không,bãi gửi
tìm bãi gửi tốt ở Sài Gòn Port,bãi gửi Sài Gòn Port
tìm nhà hàng tốt ở Quận 7,nhà hàng Quận 7
tìm nơi bán xăng dầu,cây xăng dầu
trạm gần Gò Vấp có không,trạm
shop gần Gò Vấp có không,shop
bạn biết bệnh viện nào ở Quận 6 không,bệnh viện
tìm phòng khám cấp cứu 24/7,phòng cấp cứu
tiệm gần Quận 7 có không,tiệm
tìm phòng tập tốt ở Tân Phú,phòng tập Tân Phú
tìm bãi gửi tốt ở Quận 6,bãi gửi Quận 6
trạm xăng gần Quận 10 có không,trạm xăng
tìm phòng tập tốt ở Quận 3,phòng tập Quận 3
bạn biết cửa hàng nào ở Quận 7 không,cửa hàng
trạm xăng gần Quận 6 có không,trạm xăng
cần thanh toán tiền điện nước,trạm tiền điện nước
phòng gần Quận 4 có không,phòng
tìm phòng khám tai mũi họng,phòng khám tai mũi họng
tiệm gần Gò Vấp có không,tiệm
bạn biết bệnh viện nào ở Quận 8 không,bệnh viện
bạn biết phòng tập nào ở Quận 3 không,phòng tập
địa điểm khám tổng quát,phòng khám chuyên khoa
mực chiên giòn rưỡi nước,quán mực chiên
cần tìm chỗ ngủ giá sinh viên cho 5 người,nhà nghỉ tập thể
cafe gần Quận 9 có không,cafe
tìm phòng khám xương khớp,phòng khám xương khớp
tìm phòng tập tốt ở Quận 2,phòng tập Quận 2
tìm trạm tốt ở Bình Thạnh,trạm Bình Thạnh
thử món chè truyền thống,quán ăn truyền thống
cửa hàng gần Sài Gòn Port có không,cửa hàng
tìm trạm xăng tốt ở Quận 7,trạm xăng Quận 7
bạn biết cây ATM nào ở Quận 6 không,cây ATM
cần dịch vụ in ấn tài liệu,dịch vụ in ấn
nhà hàng gần Quận 3 có không,nhà hàng
tìm quán ăn tốt ở Bình Tân,quán ăn Bình Tân
tìm cửa hàng tốt ở Tân Bình,cửa hàng Tân Bình
bạn biết shop nào ở Quận 8 không,shop
tìm tiệm tốt ở Bình Tân,tiệm Bình Tân
quán ăn gần Quận 1 có không,quán ăn
bạn biết quán ăn nào ở Gò Vấp không,quán ăn
tìm tiệm tốt ở Quận 6,tiệm Quận 6
khách sạn 3 sao gần hồ Tây,khách sạn 3 sao
tìm cafe tốt ở Quận 9,cafe Quận 9
cơm cháy sứa tôm,quán cơm cháy
cần khám da liễu cho trẻ,phòng khám da liễu
bạn biết cafe nào ở Bình Tân không,cafe
cần rút tiền ATM 24/7,cây ATM
bò kho gừng cay,quán bò kho
bạn biết cafe nào ở Bình Thạnh không,cafe
bệnh viện gần Quận 7 có không,bệnh viện
shop gần Bình Thạnh có không,shop
bạn biết trạm xăng nào ở Quận 5 không,trạm xăng
tìm quán ăn tốt ở Quận 10,quán ăn Quận 10
quán ăn gần Quận 4 có không,quán ăn
bạn biết phòng tập nào ở Bình Tân không,phòng tập
tìm shop tốt ở Quận 3,shop Quận 3
bạn biết bệnh viện nào ở Bình Thạnh không,bệnh viện
bạn biết shop nào ở Quận 4 không,shop
cửa hàng gần Thủ Đức có không,cửa hàng
sữa chua pha lê,quán sữa chua
tìm phòng công chứng gần công ty,văn phòng công chứng
tìm quán ăn tốt ở Quận 1,quán ăn Quận 1
tìm cafe tốt ở Quận 8,cafe Quận 8
bạn biết quán ăn nào ở Quận 12 không,quán ăn
quán ăn gần Quận 12 có không,quán ăn
bạn biết trạm nào ở Quận 10 không,trạm
bún chả Hà Nội ngon,quán bún chả
tìm nơi đổi tiền ngoại tệ,ngân hàng ngoại tệ
chỗ nào cho thuê áo dài,dịch vụ cho thuê áo dài
cần lắp định vị GPS cho xe,dịch vụ lắp GPS
tìm bệnh viện tốt ở Quận 8,bệnh viện Quận 8
tìm cây ATM tốt ở Thủ Đức,cây ATM Thủ Đức
tiệm gần Quận 5 có không,tiệm
tiệm gần Quận 3 có không,tiệm
tìm quán ăn tốt ở Thủ Đức,quán ăn Thủ Đức
tìm bãi gửi tốt ở Quận 3,bãi gửi Quận 3
cửa hàng gần Quận 6 có không,cửa hàng
tìm cây ATM tốt ở Quận 3,cây ATM Quận 3
cần tìm cửa hàng bán nước hoa,cửa hàng nước hoa
tìm nhà hàng tốt ở Quận 5,nhà hàng Quận 5
tìm phòng khám tâm thần,phòng khám tâm thần
quán burger ngon rẻ,quán burger fast food
cây ATM gần Quận 4 có không,cây ATM
tìm nhà hàng tốt ở Quận 6,nhà hàng Quận 6
bạn biết trạm nào ở Quận 12 không,trạm
mua đồng hồ chính hãng,cửa hàng đồng hồ
bạn biết bãi gửi nào ở Tân Phú không,bãi gửi
shop gần Quận 11 có không,shop
tìm bãi gửi tốt ở Tân Bình,bãi gửi Tân Bình
tìm cửa hàng bán kính mắt,cửa hàng kính mắt
bạn biết cây ATM nào ở Quận 5 không,cây ATM
phòng tập gần Sài Gòn Port có không,phòng tập
tìm nơi cấp phát SIM mới,dịch vụ cấp SIM
tìm quán ăn tốt ở Quận 5,quán ăn Quận 5
tìm phòng tập tốt ở Quận 11,phòng tập Quận 11
quán ăn tối phù hợp cho người lớn tuổi,nhà hàng gia đình
bạn biết phòng nào ở Quận 9 không,phòng
tìm cây ATM tốt ở Sài Gòn Port,cây ATM Sài Gòn Port
bạn biết tiệm nào ở Bình Tân không,tiệm
tiệm gần Bình Tân có không,tiệm
tiệm gần Tân Bình có không,tiệm
cafe gần Bình Thạnh có không,cafe
cửa hàng gần Quận 4 có không,cửa hàng
tìm phòng tập tốt ở Quận 7,phòng tập Quận 7
tìm cafe tốt ở Quận 5,cafe Quận 5
bạn biết phòng nào ở Bình Thạnh không,phòng
tìm nhà thờ lớn,địa điểm tôn giáo
bạn biết quán ăn nào ở Quận 4 không,quán ăn
bạn biết cafe nào ở Tân Bình không,cafe
sân đánh golf 18 lỗ,sân golf
phòng tập gần Tân Bình có không,phòng tập
tìm quán ăn tốt ở Quận 3,quán ăn Quận 3
bạn biết quán ăn nào ở Quận 8 không,quán ăn
bạn biết trạm xăng nào ở Quận 3 không,trạm xăng
bạn biết cửa hàng nào ở Bình Tân không,cửa hàng
cần phòng khám xã hội,phòng khám
quán phở nổi tiếng,quán phở
cây ATM gần Tân Bình có không,cây ATM
tìm cửa hàng bán giày thể thao,cửa hàng giày
tìm bãi gửi tốt ở Quận 10,bãi gửi Quận 10
quán ăn gần Quận 7 có không,quán ăn
cua sốt ớt cay cay,quán hải sản nước mắm
bạn biết nhà hàng nào ở Tân Phú không,nhà hàng
rượu vang thượng hạng,rượu thượng hạng
bạn biết trạm xăng nào ở Quận 2 không,trạm xăng
shop gần Quận 1 có không,shop
nhà hàng gần Bình Tân có không,nhà hàng
nhà hàng gần Quận 7 có không,nhà hàng
phòng gần Quận 12 có không,phòng
tìm phòng tập tốt ở Tân Bình,phòng tập Tân Bình
tìm chỗ đánh bida,quán bida/board game
quán ăn gần Quận 11 có không,quán ăn
tìm nơi đăng ký kinh doanh,phòng đăng ký kinh doanh
tìm cửa hàng bán bình nước,cửa hàng bình nước
tìm quán ăn tốt ở Phú Nhuận,quán ăn Phú Nhuận
cần spa massage body,spa massage
nhà hàng gần Tân Bình có không,nhà hàng
shop gần Quận 6 có không,shop
tìm cây ATM tốt ở Quận 2,cây ATM Quận 2
bạn biết quán ăn nào ở Quận 5 không,quán ăn
bạn biết nhà hàng nào ở Tân Bình không,nhà hàng
bạn biết bệnh viện nào ở Quận 4 không,bệnh viện
bạn biết bãi gửi nào ở Quận 12 không,bãi gửi
cửa hàng gần Quận 12 có không,cửa hàng
tìm cửa hàng tốt ở Quận 10,cửa hàng Quận 10
tìm shop tốt ở Sài Gòn Port,shop Sài Gòn Port
cafe gần Quận 8 có không,cafe
tìm cafe tốt ở Bình Tân,cafe Bình Tân
chúng tôi muốn thuê một căn nhà để ở chung,homestay/villa
tìm nhà hàng tốt ở Bình Thạnh,nhà hàng Bình Thạnh
tìm cây ATM tốt ở Quận 5,cây ATM Quận 5
bạn biết tiệm nào ở Quận 5 không,tiệm
trạm gần Sài Gòn Port có không,trạm
tìm cửa hàng bán dầu gội,cửa hàng dầu gội
tìm trạm xăng tốt ở Phú Nhuận,trạm xăng Phú Nhuận
nhà hàng gần Quận 6 có không,nhà hàng
tìm tiệm tốt ở Quận 5,tiệm Quận 5
bạn biết phòng nào ở Quận 2 không,phòng
tìm quán chao ếu tươi,quán hải sản
bạn biết cửa hàng nào ở Sài Gòn Port không,cửa hàng
bạn biết trạm xăng nào ở Phú Nhuận không,trạm xăng
phòng tập gần Quận 9 có không,phòng tập
lòng kho quế,quán lòng nướng
bãi gửi gần Quận 5 có không,bãi gửi
cần tìm quán hủ tiếu tươi,quán hủ tiếu
công viên nước mát mẻ,công viên nước
bãi gửi gần Quận 10 có không,bãi gửi
bệnh viện gần Quận 10 có không,bệnh viện
bạn biết bãi gửi nào ở Quận 11 không,bãi gửi
bãi gửi gần Bình Thạnh có không,bãi gửi
bãi gửi gần Gò Vấp có không,bãi gửi
phòng gần Thủ Đức có không,phòng
tìm quán ăn tốt ở Bình Thạnh,quán ăn Bình Thạnh
tìm tiệm tốt ở Quận 9,tiệm Quận 9
bệnh viện phụ sản tốt nhất,bệnh viện phụ sản
tìm cafe tốt ở Gò Vấp,cafe Gò Vấp
bạn biết phòng tập nào ở Phú Nhuận không,phòng tập
bạn biết nhà hàng nào ở Quận 1 không,nhà hàng
bạn biết cafe nào ở Quận 7 không,cafe
tìm trạm tốt ở Bình Tân,trạm Bình Tân
trạm xăng gần Quận 12 có không,trạm xăng
tìm quán ăn tốt ở Quận 9,quán ăn Quận 9
trạm gần Tân Phú có không,trạm
tìm cây ATM tốt ở Tân Phú,cây ATM Tân Phú
phòng gần Quận 9 có không,phòng
bạn biết bãi gửi nào ở Quận 6 không,bãi gửi
tìm trạm xăng tốt ở Tân Bình,trạm xăng Tân Bình
bạn biết cafe nào ở Phú Nhuận không,cafe
tìm phòng tập tốt ở Thủ Đức,phòng tập Thủ Đức
phòng tập gần Quận 2 có không,phòng tập
tìm cửa hàng tốt ở Quận 5,cửa hàng Quận 5
tìm bãi gửi tốt ở Quận 1,bãi gửi Quận 1
quán ăn Hàn Quốc có lẩu,nhà hàng Hàn Quốc
bãi gửi gần Quận 4 có không,bãi gửi
vườn thú đầy đủ động vật,vườn thú
bạn biết bệnh viện nào ở Quận 12 không,bệnh viện
tìm cửa hàng tốt ở Sài Gòn Port,cửa hàng Sài Gòn Port
bạn biết phòng nào ở Tân Bình không,phòng
bạn biết cây ATM nào ở Tân Phú không,cây ATM
tìm tiệm tốt ở Gò Vấp,tiệm Gò Vấp
bãi gửi gần Quận 2 có không,bãi gửi
trò chơi arcade cổ điển,phòng arcade
bạn biết cafe nào ở Quận 11 không,cafe
tìm phòng giao dịch của ngân hàng Vietcombank,ngân hàng
trạm gần Bình Tân có không,trạm
bạn biết phòng tập nào ở Quận 4 không,phòng tập
cafe gần Quận 12 có không,cafe
bạn biết nhà hàng nào ở Quận 2 không,nhà hàng
tìm phòng tập tốt ở Gò Vấp,phòng tập Gò Vấp
quán ăn gần Gò Vấp có không,quán ăn
bạn biết bãi gửi nào ở Thủ Đức không,bãi gửi
tìm cửa hàng tốt ở Quận 3,cửa hàng Quận 3
tìm phòng tốt ở Bình Tân,phòng Bình Tân
shop gần Quận 4 có không,shop
tìm nhà hàng tốt ở Phú Nhuận,nhà hàng Phú Nhuận
tìm trạm xăng tốt ở Quận 4,trạm xăng Quận 4
bệnh viện gần Quận 9 có không,bệnh viện
bạn biết quán ăn nào ở Quận 3 không,quán ăn
tìm cafe tốt ở Quận 4,cafe Quận 4
tìm tiệm tốt ở Quận 7,tiệm Quận 7
bạn biết phòng nào ở Bình Tân không,phòng
tìm cafe tốt ở Quận 6,cafe Quận 6
bạn biết phòng nào ở Sài Gòn Port không,phòng
địa điểm bán thiết bị điện tử,cửa hàng điện thoại
bạn biết cafe nào ở Quận 8 không,cafe
bãi gửi gần Tân Bình có không,bãi gửi
tìm cửa hàng tốt ở Phú Nhuận,cửa hàng Phú Nhuận
bạn biết trạm xăng nào ở Quận 9 không,trạm xăng
bạn biết cafe nào ở Quận 9 không,cafe
bạn biết bệnh viện nào ở Quận 11 không,bệnh viện
tìm cây ATM tốt ở Quận 10,cây ATM Quận 10
bệnh viện gần Bình Tân có không,bệnh viện
căn hộ mini cho 2 người,căn hộ mini
phòng gần Tân Phú có không,phòng
bạn biết cafe nào ở Quận 3 không,cafe
tìm nhà hàng tốt ở Bình Tân,nhà hàng Bình Tân
bạn biết tiệm nào ở Quận 3 không,tiệm
bạn biết phòng nào ở Quận 5 không,phòng
trạm gần Bình Thạnh có không,trạm
tìm trạm xăng tốt ở Quận 9,trạm xăng Quận 9
cần tìm thánh đường Hồi giáo,thánh đường
tìm cây ATM tốt ở Quận 1,cây ATM Quận 1
bạn biết tiệm nào ở Thủ Đức không,tiệm
bạn biết trạm nào ở Gò Vấp không,trạm
tìm bãi gửi tốt ở Phú Nhuận,bãi gửi Phú Nhuận
tìm công viên có sân chơi cát,công viên giải trí
tìm quán ăn lẩu dê,quán lẩu dê
tìm tiệm tốt ở Bình Thạnh,tiệm Bình Thạnh
trạm gần Quận 6 có không,trạm
nhà hàng gần Quận 9 có không,nhà hàng
bạn biết tiệm nào ở Tân Phú không,tiệm
tìm nơi sửa khóa xe bị kẹt,dịch vụ cắt khóa
tìm phòng tốt ở Quận 2,phòng Quận 2
bạn biết bệnh viện nào ở Quận 10 không,bệnh viện
bạn biết trạm xăng nào ở Tân Bình không,trạm xăng
tìm trạm xăng tốt ở Quận 5,trạm xăng Quận 5
tìm nhà hàng tốt ở Quận 8,nhà hàng Quận 8
tìm quán ăn tốt ở Sài Gòn Port,quán ăn Sài Gòn Port
nhà hàng gần Bình Thạnh có không,nhà hàng
quán ăn gần Quận 8 có không,quán ăn
bạn biết quán ăn nào ở Thủ Đức không,quán ăn
tìm phòng tập tốt ở Quận 5,phòng tập Quận 5
tìm tiệm tốt ở Quận 12,tiệm Quận 12
bạn biết bãi gửi nào ở Bình Tân không,bãi gửi
cây ATM gần Bình Tân có không,cây ATM
tìm trạm tốt ở Gò Vấp,trạm Gò Vấp
tìm bệnh viện tốt ở Gò Vấp,bệnh viện Gò Vấp
cửa hàng gần Phú Nhuận có không,cửa hàng
cửa hàng gần Quận 1 có không,cửa hàng
bạn biết trạm nào ở Bình Tân không,trạm
bạn biết tiệm nào ở Quận 12 không,tiệm
tìm phòng tốt ở Quận 3,phòng Quận 3
bạn biết cửa hàng nào ở Quận 10 không,cửa hàng
tìm phòng tốt ở Quận 12,phòng Quận 12
tìm cây ATM tốt ở Quận 7,cây ATM Quận 7
cây ATM gần Sài Gòn Port có không,cây ATM
bạn biết bãi gửi nào ở Tân Bình không,bãi gửi
cafe gần Quận 10 có không,cafe
tìm cây ATM tốt ở Bình Tân,cây ATM Bình Tân
tìm nơi nộp tờ khai thuế,nơi nộp tờ khai
tiệm gần Thủ Đức có không,tiệm
cần dịch vụ đóng gói quà,dịch vụ đóng gói
tìm quán ăn tốt ở Quận 6,quán ăn Quận 6
tiệm gần Tân Phú có không,tiệm
phòng tập gần Phú Nhuận có không,phòng tập
cần phòng khám chứng chỉ quốc tế,phòng khám quốc tế
cafe gần Bình Tân có không,cafe
phòng tập gym hiện đại,phòng tập gym
kem cà phê đắng lạnh,quán kem cà phê
tìm trạm xăng tốt ở Quận 2,trạm xăng Quận 2
bạn biết bệnh viện nào ở Quận 7 không,bệnh viện
bãi gửi gần Quận 6 có không,bãi gửi
cần thay dầu xe,dịch vụ thay dầu
bạn biết nhà hàng nào ở Quận 10 không,nhà hàng
bạn biết phòng tập nào ở Gò Vấp không,phòng tập
bạn biết bãi gửi nào ở Quận 9 không,bãi gửi
phòng ở gần bệnh viện,phòng ở bệnh viện
tìm trạm tốt ở Tân Bình,trạm Tân Bình
bạn biết cafe nào ở Sài Gòn Port không,cafe
bạn biết cây ATM nào ở Phú Nhuận không,cây ATM
bạn biết cây ATM nào ở Bình Tân không,cây ATM
bạn biết cửa hàng nào ở Quận 8 không,cửa hàng
tìm trạm xăng tốt ở Tân Phú,trạm xăng Tân Phú
quán ăn gần Quận 9 có không,quán ăn
bệnh viện phổi uy tín,phòng khám phổi
bệnh viện gần Phú Nhuận có không,bệnh viện
tìm cửa hàng tốt ở Quận 9,cửa hàng Quận 9
bãi gửi gần Quận 8 có không,bãi gửi
chỗ nào làm bằng lái xe,dịch vụ đào tạo lái xe
soda chanh ngon,quán soda chanh
bạn biết bệnh viện nào ở Tân Phú không,bệnh viện
tìm trạm tốt ở Quận 11,trạm Quận 11
bia lạnh mát,quán bia hơi
bò lúc lắc xào dứa,nhà hàng Việt sang trọng
tìm cửa hàng tốt ở Thủ Đức,cửa hàng Thủ Đức
quán ăn gần Bình Tân có không,quán ăn
bạn biết bãi gửi nào ở Phú Nhuận không,bãi gửi
bạn biết cửa hàng nào ở Quận 3 không,cửa hàng
bạn biết bệnh viện nào ở Gò Vấp không,bệnh viện
tìm phòng tốt ở Quận 8,phòng Quận 8
bạn biết shop nào ở Quận 2 không,shop
bãi gửi gần Quận 9 có không,bãi gửi
tìm bệnh viện tốt ở Quận 4,bệnh viện Quận 4
tìm cửa hàng tốt ở Tân Phú,cửa hàng Tân Phú
phòng gần Quận 6 có không,phòng
bạn biết trạm xăng nào ở Bình Tân không,trạm xăng
bạn biết trạm nào ở Quận 7 không,trạm
bạn biết bệnh viện nào ở Tân Bình không,bệnh viện
cafe gần Thủ Đức có không,cafe
resort nghỉ dưỡng ở TP,resort TP
shop gần Quận 7 có không,shop
trạm gần Thủ Đức có không,trạm
tìm bệnh viện tốt ở Phú Nhuận,bệnh viện Phú Nhuận
tìm shop tốt ở Bình Tân,shop Bình Tân
sân bóng đá 5-a-side,sân bóng đá nhân tạo
bạn biết tiệm nào ở Quận 10 không,tiệm
cửa hàng gần Quận 7 có không,cửa hàng
tìm cây ATM tốt ở Quận 11,cây ATM Quận 11
bạn biết cây ATM nào ở Quận 4 không,cây ATM
tìm phòng tốt ở Tân Phú,phòng Tân Phú
tìm nhà hàng tốt ở Gò Vấp,nhà hàng Gò Vấp
bạn biết phòng tập nào ở Quận 11 không,phòng tập
bạn biết phòng nào ở Gò Vấp không,phòng
mua bộ phận máy tính,cửa hàng máy tính
phòng tập gần Bình Thạnh có không,phòng tập
phòng gần Quận 11 có không,phòng
bạn biết nhà hàng nào ở Quận 8 không,nhà hàng
tìm trạm xăng tốt ở Quận 12,trạm xăng Quận 12
bạn biết shop nào ở Gò Vấp không,shop
tìm cây ATM tốt ở Quận 12,cây ATM Quận 12
tìm nơi gửi ô tô,bãi gửi ô tô
trạm xăng gần Thủ Đức có không,trạm xăng
bạn biết phòng nào ở Quận 12 không,phòng
tìm phòng khám tim mạch,phòng khám tim mạch
bạn biết cafe nào ở Quận 1 không,cafe
cây ATM gần Phú Nhuận có không,cây ATM
bạn biết trạm xăng nào ở Bình Thạnh không,trạm xăng
phòng gần Sài Gòn Port có không,phòng
tìm trạm xăng tốt ở Gò Vấp,trạm xăng Gò Vấp
bạn biết tiệm nào ở Quận 8 không,tiệm
cần tìm địa điểm làm thủ tục gia hạn hộ chiếu,cơ quan hành chính
tìm trạm tốt ở Quận 4,trạm Quận 4
tìm trạm tốt ở Quận 5,trạm Quận 5
bệnh viện gần Gò Vấp có không,bệnh viện
quán mỳ Ý chất lượng,quán mỳ Ý
tìm bãi gửi tốt ở Quận 4,bãi gửi Quận 4
tìm nơi sửa ổ khóa cửa,dịch vụ sửa khóa cửa
bạn biết quán ăn nào ở Bình Tân không,quán ăn
tìm bãi gửi tốt ở Thủ Đức,bãi gửi Thủ Đức
cần tìm cửa hàng bán túi đựng thực phẩm,cửa hàng túi đựng
bạn biết phòng tập nào ở Quận 6 không,phòng tập
phòng gần Quận 7 có không,phòng
trạm gần Quận 7 có không,trạm
cần dạy kèm học sinh,dịch vụ dạy kèm
bãi gửi gần Phú Nhuận có không,bãi gửi
bạn biết phòng nào ở Quận 6 không,phòng
quán có trò board game để chơi với bạn bè,quán bida/board game
trạm gần Quận 9 có không,trạm
trạm xăng gần Quận 1 có không,trạm xăng
tiệm gần Quận 6 có không,tiệm
tìm bệnh viện tốt ở Quận 7,bệnh viện Quận 7
cửa hàng gần Tân Bình có không,cửa hàng
mua dây cáp sạc iphone,cửa hàng phụ kiện điện thoại
tìm bãi gửi tốt ở Bình Tân,bãi gửi Bình Tân
tìm cửa hàng tốt ở Quận 4,cửa hàng Quận 4
trạm gần Quận 11 có không,trạm
tìm shop tốt ở Quận 1,shop Quận 1
tìm trạm xăng tốt ở Quận 10,trạm xăng Quận 10
bạn biết nhà hàng nào ở Quận 3 không,nhà hàng
tìm quán ăn tốt ở Tân Bình,quán ăn Tân Bình
tìm cafe tốt ở Thủ Đức,cafe Thủ Đức
tìm bệnh viện tốt ở Quận 3,bệnh viện Quận 3
tìm shop tốt ở Phú Nhuận,shop Phú Nhuận
phòng tập gần Quận 8 có không,phòng tập
phòng tập gần Quận 10 có không,phòng tập
tìm cửa hàng tốt ở Quận 6,cửa hàng Quận 6
cần sửa laptop máy tính,dịch vụ sửa máy tính
tiệm gần Quận 11 có không,tiệm
bạn biết phòng nào ở Thủ Đức không,phòng
bạn biết quán ăn nào ở Quận 11 không,quán ăn
cần mua sách giáo khoa,hiệu sách
bãi gửi gần Quận 11 có không,bãi gửi
bạn biết shop nào ở Quận 10 không,shop
cần bảo hiểm xe cơ giới,công ty bảo hiểm xe
tìm bãi gửi tốt ở Quận 9,bãi gửi Quận 9
bệnh viện gần Quận 1 có không,bệnh viện
tiệm gần Sài Gòn Port có không,tiệm
nhà nghỉ giá rẻ quanh quận 1,nhà nghỉ bình dân
tìm trạm tốt ở Quận 8,trạm Quận 8
bạn biết trạm xăng nào ở Quận 10 không,trạm xăng
tìm phòng tập tốt ở Quận 4,phòng tập Quận 4
tìm bệnh viện tốt ở Quận 9,bệnh viện Quận 9
bạn biết cửa hàng nào ở Tân Bình không,cửa hàng
tìm nhà hàng tốt ở Tân Bình,nhà hàng Tân Bình
nước chanh tươi mát,quán nước chanh
tìm bệnh viện tốt ở Tân Phú,bệnh viện Tân Phú
trạm gần Quận 5 có không,trạm
tiệm gần Quận 1 có không,tiệm
tìm cửa hàng tốt ở Quận 11,cửa hàng Quận 11
bánh mặn từ lò nướng truyền thống,tiệm bánh nướng
tìm cafe tốt ở Phú Nhuận,cafe Phú Nhuận
tìm bệnh viện tốt ở Quận 1,bệnh viện Quận 1
cà phê đen nóng,quán cà phê truyền thống
cây ATM gần Gò Vấp có không,cây ATM
bạn biết shop nào ở Phú Nhuận không,shop
quán bánh mì ngon ở quận 5,quán bánh mì
bệnh viện gần Sài Gòn Port có không,bệnh viện
tìm shop tốt ở Tân Phú,shop Tân Phú
tìm shop tốt ở Thủ Đức,shop Thủ Đức
bạn biết bệnh viện nào ở Quận 5 không,bệnh viện
cafe gần Quận 6 có không,cafe
phòng tập gần Quận 5 có không,phòng tập
bạn biết shop nào ở Tân Bình không,shop
trạm xăng gần Gò Vấp có không,trạm xăng
tìm tiệm bán vàng và nữ trang,tiệm vàng
bạn biết cửa hàng nào ở Bình Thạnh không,cửa hàng
bạn biết phòng nào ở Quận 11 không,phòng
bạn biết phòng tập nào ở Tân Bình không,phòng tập
tìm cafe tốt ở Tân Phú,cafe Tân Phú
chỗ nào có bác sĩ châm cứu phục hồi chức năng,vật lý trị liệu
tìm bãi gửi tốt ở Quận 8,bãi gửi Quận 8
bạn biết nhà hàng nào ở Quận 4 không,nhà hàng
tìm trạm tốt ở Sài Gòn Port,trạm Sài Gòn Port
tìm phòng tập tốt ở Phú Nhuận,phòng tập Phú Nhuận
bạn biết cây ATM nào ở Gò Vấp không,cây ATM
mua balo du lịch chất lượng,cửa hàng balo
tìm shop tốt ở Quận 4,shop Quận 4
tìm phòng tốt ở Gò Vấp,phòng Gò Vấp
bãi gửi gần Quận 1 có không,bãi gửi
bạn biết cây ATM nào ở Quận 12 không,cây ATM
trạm xăng gần Quận 2 có không,trạm xăng
cafe gần Quận 2 có không,cafe
bạn biết trạm nào ở Quận 3 không,trạm
bạn biết nhà hàng nào ở Bình Tân không,nhà hàng
bạn biết tiệm nào ở Quận 11 không,tiệm
bạn biết cafe nào ở Tân Phú không,cafe
bạn biết trạm xăng nào ở Quận 12 không,trạm xăng
tiệm gần Quận 2 có không,tiệm
bạn biết cây ATM nào ở Quận 11 không,cây ATM
cần tiền mặt gấp,tiệm cầm đồ
bãi gửi gần Quận 12 có không,bãi gửi
tìm trạm xăng tốt ở Sài Gòn Port,trạm xăng Sài Gòn Port
shop gần Thủ Đức có không,shop
shop gần Quận 12 có không,shop
nhà hàng kèm khách sạn,nhà hàng khách sạn
tìm phòng tốt ở Bình Thạnh,phòng Bình Thạnh
trạm gần Quận 3 có không,trạm
bạn biết trạm nào ở Quận 6 không,trạm
trạm gần Phú Nhuận có không,trạm
tìm phòng trọ giá rẻ gần trường,phòng trọ sinh viên
mua chai nước thủy tinh,cửa hàng chai thủy tinh
tìm nơi có thể sạc pin xe hơi điện,trạm sạc xe điện
cafe gần Sài Gòn Port có không,cafe
tìm nhà hàng tốt ở Quận 10,nhà hàng Quận 10
có chỗ ăn nào rẻ không,quán ăn rẻ
bạn biết cây ATM nào ở Tân Bình không,cây ATM
tìm cửa hàng tốt ở Quận 2,cửa hàng Quận 2
bạn biết phòng nào ở Quận 3 không,phòng
bệnh viện quốc tế chuẩn,bệnh viện quốc tế
tìm tiệm tốt ở Quận 3,tiệm Quận 3
phòng tập gần Quận 1 có không,phòng tập
mua pin sạc dự phòng,cửa hàng pin
tìm phòng tốt ở Quận 10,phòng Quận 10
bạn biết phòng nào ở Phú Nhuận không,phòng
tôm sú nướng mỡ hành,nhà hàng hải sản
vũ trường nhạc sống,vũ trường
bạn biết cafe nào ở Quận 10 không,cafe
tìm trạm tốt ở Quận 2,trạm Quận 2
tìm phòng tốt ở Quận 5,phòng Quận 5
phòng tập gần Tân Phú có không,phòng tập
bạn biết shop nào ở Thủ Đức không,shop
cần dịch vụ massage chân,dịch vụ massage
tìm bệnh viện tốt ở Tân Bình,bệnh viện Tân Bình
tìm shop tốt ở Bình Thạnh,shop Bình Thạnh
bạn biết phòng tập nào ở Thủ Đức không,phòng tập
bạn biết trạm nào ở Bình Thạnh không,trạm
tìm trạm tốt ở Quận 7,trạm Quận 7
bạn biết trạm nào ở Quận 9 không,trạm
bạn biết cafe nào ở Quận 5 không,cafe
tìm cửa hàng tốt ở Bình Thạnh,cửa hàng Bình Thạnh
tìm tiệm tốt ở Tân Phú,tiệm Tân Phú
tìm nơi lau dọn nhà sau xây dựng,dịch vụ vệ sinh công trình
bạn biết shop nào ở Quận 12 không,shop
phòng gần Gò Vấp có không,phòng
tìm quán ăn tốt ở Quận 8,quán ăn Quận 8
tôi thích ăn bánh tráng nướng,quán bánh tráng nướng
tìm bệnh viện tốt ở Quận 11,bệnh viện Quận 11
cửa hàng gần Quận 10 có không,cửa hàng
nhà hàng thái cộng xứ,nhà hàng thái
quán ăn gần Quận 10 có không,quán ăn
cửa hàng gần Quận 5 có không,cửa hàng
câu cá ở hồ,hồ câu cá
bạn biết trạm nào ở Thủ Đức không,trạm
cần làm hộ chiếu,phòng hộ chiếu
bạn biết bãi gửi nào ở Quận 4 không,bãi gửi
tìm quán ăn tốt ở Quận 2,quán ăn Quận 2
tìm nhà hàng tốt ở Quận 12,nhà hàng Quận 12
quán kem xôi ngon,quán kem
bạn biết nhà hàng nào ở Thủ Đức không,nhà hàng
tìm quán ốc luộc nước lá,quán ốc nướng
tìm phòng khám hoạt động ban đêm,phòng khám ban đêm
bạn biết cửa hàng nào ở Quận 11 không,cửa hàng
cây ATM gần Quận 8 có không,cây ATM
shop gần Quận 10 có không,shop
ký túc xá sinh viên,ký túc xá
bạn biết trạm xăng nào ở Quận 8 không,trạm xăng
trạm xăng gần Quận 9 có không,trạm xăng
cần rửa xe ô tô nhanh,rửa xe ô tô
bạn biết bãi gửi nào ở Sài Gòn Port không,bãi gửi
ốc hương rim dừa,quán ốc nướng
bạn biết quán ăn nào ở Quận 10 không,quán ăn
trạm xăng gần Quận 7 có không,trạm xăng
mua mỹ phẩm Hàn Quốc,cửa hàng mỹ phẩm
mình cần mua hoa tặng mẹ,cửa hàng hoa
bảo tàng nghệ thuật hiện đại,bảo tàng nghệ thuật
bạn biết quán ăn nào ở Quận 7 không,quán ăn
cần giặt ghế sofa,dịch vụ giặt ghế sofa
tìm trạm xăng tốt ở Quận 8,trạm xăng Quận 8
tìm phòng khám thẩm mỹ,phòng khám thẩm mỹ
tìm cây ATM tốt ở Tân Bình,cây ATM Tân Bình
tìm nơi bán nến thơm phòng,cửa hàng nến thơm
bệnh viện gần Quận 11 có không,bệnh viện
bạn biết trạm xăng nào ở Thủ Đức không,trạm xăng
tìm quán ăn tốt ở Quận 7,quán ăn Quận 7
câu lạc bộ cổ vũ bóng đá,câu lạc bộ thể thao
tìm trạm tốt ở Quận 12,trạm Quận 12
cần giấy phép kinh doanh,sở công thương
tìm shop tốt ở Tân Bình,shop Tân Bình
bạn biết nhà hàng nào ở Quận 11 không,nhà hàng
phòng gần Bình Thạnh có không,phòng
tìm phòng tập tốt ở Bình Thạnh,phòng tập Bình Thạnh
bạn biết phòng tập nào ở Quận 2 không,phòng tập
chỗ nào cho thuê dụng cụ cắm trại,dịch vụ cho thuê
bạn biết trạm nào ở Quận 5 không,trạm
tìm trạm xăng tốt ở Thủ Đức,trạm xăng Thủ Đức
bệnh viện gần Quận 8 có không,bệnh viện
tìm cafe tốt ở Bình Thạnh,cafe Bình Thạnh
quán ăn gần Quận 2 có không,quán ăn
tìm cửa hàng bán áo khoác mùa đông,cửa hàng quần áo
mua bộ chăn drap chất lượng,cửa hàng chăn drap
cửa hàng gần Quận 3 có không,cửa hàng
tìm nhà hàng tốt ở Quận 4,nhà hàng Quận 4
bạn biết cafe nào ở Gò Vấp không,cafe
trạm xăng gần Sài Gòn Port có không,trạm xăng
cây ATM gần Quận 9 có không,cây ATM
bạn biết phòng nào ở Quận 7 không,phòng
bạn biết nhà hàng nào ở Phú Nhuận không,nhà hàng
tìm tiệm may chỉnh sửa áo quần,tiệm may
tìm bãi gửi tốt ở Bình Thạnh,bãi gửi Bình Thạnh
gà kho sả ớt thơm lừng,quán gà kho
trạm gần Quận 1 có không,trạm
bạn biết bãi gửi nào ở Quận 5 không,bãi gửi
phòng gần Bình Tân có không,phòng
phòng gần Tân Bình có không,phòng
trạm xăng gần Bình Thạnh có không,trạm xăng
bạn biết nhà hàng nào ở Gò Vấp không,nhà hàng
bạn biết shop nào ở Bình Thạnh không,shop
cần laptop mới,cửa hàng laptop
bạn biết shop nào ở Quận 7 không,shop
tìm tiệm cắt tóc nam/nữ,salon tóc
tìm cây ATM tốt ở Gò Vấp,cây ATM Gò Vấp
tìm trạm xăng tốt ở Quận 11,trạm xăng Quận 11
bạn biết phòng nào ở Quận 4 không,phòng
bạn biết quán ăn nào ở Bình Thạnh không,quán ăn
tìm tiệm tốt ở Quận 10,tiệm Quận 10
shop gần Quận 5 có không,shop
tìm cây ATM tốt ở Phú Nhuận,cây ATM Phú Nhuận
tiệm gần Quận 4 có không,tiệm
bạn biết trạm xăng nào ở Quận 11 không,trạm xăng
bạn biết tiệm nào ở Quận 1 không,tiệm
bãi gửi gần Sài Gòn Port có không,bãi gửi
địa điểm tổ chức tiệc sinh nhật cho trẻ,công viên giải trí
nước yến chim tươi,quán yến sào
canh chua cá bớp,quán canh chua
cần làm ủi đồ nhanh,tiệm ủi đồ
tìm phòng tốt ở Tân Bình,phòng Tân Bình
bạn biết shop nào ở Tân Phú không,shop
tìm phòng tốt ở Sài Gòn Port,phòng Sài Gòn Port
bạn biết cửa hàng nào ở Quận 2 không,cửa hàng
tìm bãi gửi tốt ở Quận 7,bãi gửi Quận 7
tìm phòng khám tiếp xúc,phòng khám tiếp xúc
phòng gần Quận 10 có không,phòng
tìm bảo tàng lịch sử quân sự,bảo tàng
bạn biết tiệm nào ở Gò Vấp không,tiệm
shop gần Sài Gòn Port có không,shop
bạn biết phòng tập nào ở Quận 12 không,phòng tập
tìm tiệm tốt ở Quận 4,tiệm Quận 4
nhà cho thuê nguyên căn,nhà nguyên căn
shop gần Quận 2 có không,shop
bạn biết cửa hàng nào ở Thủ Đức không,cửa hàng
cần mua gas nấu ăn,cửa hàng gas nấu ăn
bạn biết trạm nào ở Quận 1 không,trạm
tìm phòng tốt ở Thủ Đức,phòng Thủ Đức
mua quần áo trẻ em dễ thương,cửa hàng quần áo trẻ em
tim lợn nướng ớt tỏi,quán tim nướng
whisky nhập khẩu,quán rượu whisky
bạn biết cây ATM nào ở Thủ Đức không,cây ATM
tìm shop tốt ở Quận 8,shop Quận 8
bạn biết nhà hàng nào ở Quận 12 không,nhà hàng
bạn biết cafe nào ở Quận 6 không,cafe
tìm phòng tập tốt ở Quận 10,phòng tập Quận 10
bạn biết quán ăn nào ở Phú Nhuận không,quán ăn
tìm phòng tập tốt ở Bình Tân,phòng tập Bình Tân
bạn biết tiệm nào ở Quận 9 không,tiệm
trạm xăng gần Bình Tân có không,trạm xăng
bãi gửi gần Tân Phú có không,bãi gửi
nhà hàng gần Quận 10 có không,nhà hàng
tìm nơi cấp chứng minh thư,công an
tìm nơi bán nước sạch,nơi bán nước sạch
quán cơm Trung Quốc đặc sắc,nhà hàng Trung Quốc
tìm cây ATM tốt ở Bình Thạnh,cây ATM Bình Thạnh
tìm cây ATM tốt ở Quận 9,cây ATM Quận 9
tìm nơi sửa xe máy,tiệm sửa xe máy
tìm bệnh viện nhi khoa chuyên môn,bệnh viện nhi
trung tâm nhào lộn cho trẻ,trung tâm thể dục
tìm dịch vụ chụp ảnh kỉ niệm,studio ảnh
bạn biết cửa hàng nào ở Quận 5 không,cửa hàng
bạn biết nhà hàng nào ở Quận 5 không,nhà hàng
nhà hàng gần Thủ Đức có không,nhà hàng
bạn biết cây ATM nào ở Quận 2 không,cây ATM
bạn biết tiệm nào ở Quận 6 không,tiệm
shop gần Phú Nhuận có không,shop
trạm xăng gần Quận 11 có không,trạm xăng
bạn biết bệnh viện nào ở Bình Tân không,bệnh viện
tìm nhà hàng tốt ở Quận 2,nhà hàng Quận 2
quán ăn gần Thủ Đức có không,quán ăn
lớp yoga buổi sáng,lớp yoga
tìm tiệm tốt ở Quận 11,tiệm Quận 11
tìm bệnh viện tốt ở Quận 10,bệnh viện Quận 10
đường trượt tuyết nhân tạo,trung tâm trượt tuyết
tìm trạm tốt ở Quận 9,trạm Quận 9
bạn biết cây ATM nào ở Quận 7 không,cây ATM
bánh xèo Hội An,quán bánh xèo
cây ATM gần Quận 1 có không,cây ATM
tìm cafe tốt ở Quận 11,cafe Quận 11
bãi gửi gần Bình Tân có không,bãi gửi
tìm bãi gửi tốt ở Quận 12,bãi gửi Quận 12
tìm phòng khám thần kinh,phòng khám thần kinh
bạn biết quán ăn nào ở Quận 9 không,quán ăn
tìm cửa hàng tốt ở Gò Vấp,cửa hàng Gò Vấp
tìm shop tốt ở Quận 11,shop Quận 11
bạn biết quán ăn nào ở Tân Bình không,quán ăn
tìm nhà hàng tốt ở Sài Gòn Port,nhà hàng Sài Gòn Port
bạn biết phòng tập nào ở Quận 7 không,phòng tập
chỗ nào giặt rèm cửa,dịch vụ giặt rèm
bạn biết phòng nào ở Quận 8 không,phòng
bạn biết tiệm nào ở Phú Nhuận không,tiệm
tìm cây ATM tốt ở Quận 6,cây ATM Quận 6
bạn biết cửa hàng nào ở Quận 1 không,cửa hàng
tìm nhà hàng tốt ở Quận 11,nhà hàng Quận 11
tìm shop tốt ở Quận 2,shop Quận 2
trạm gần Quận 2 có không,trạm
tìm trạm tốt ở Tân Phú,trạm Tân Phú
trạm gần Quận 10 có không,trạm
phòng tập gần Gò Vấp có không,phòng tập
trạm xăng gần Tân Bình có không,trạm xăng
bạn biết nhà hàng nào ở Sài Gòn Port không,nhà hàng
tiệm gần Bình Thạnh có không,tiệm
cây ATM gần Quận 5 có không,cây ATM
cần thuê ban nhạc live,dịch vụ ban nhạc
tìm phòng tốt ở Quận 7,phòng Quận 7
cần tìm văn phòng làm dịch vụ bảo hiểm,công ty bảo hiểm
bạn biết shop nào ở Bình Tân không,shop
tìm phòng tập tốt ở Quận 1,phòng tập Quận 1
villa cao cấp quận 7,villa Quận 7
tìm nơi cấp bằng lái xe,trung tâm cấp bằng lái
bạn biết cafe nào ở Quận 12 không,cafe
bạn biết nhà hàng nào ở Bình Thạnh không,nhà hàng
nhà hàng gần Quận 1 có không,nhà hàng
bạn biết bệnh viện nào ở Quận 1 không,bệnh viện
tìm bãi gửi tốt ở Gò Vấp,bãi gửi Gò Vấp
bạn biết phòng tập nào ở Quận 10 không,phòng tập
bạn biết trạm nào ở Phú Nhuận không,trạm
bạn biết bãi gửi nào ở Quận 1 không,bãi gửi
tiệm gần Quận 9 có không,tiệm
sinh tố trái cây tự nhiên,quán sinh tố
trạm gần Tân Bình có không,trạm
quán ăn gần Quận 5 có không,quán ăn
bệnh viện gần Quận 12 có không,bệnh viện
tìm trạm xăng tốt ở Bình Tân,trạm xăng Bình Tân
chỗ nào sửa tường nứt,dịch vụ sửa tường
shop gần Quận 8 có không,shop
tìm quán ăn Nhật bản chất lượng,nhà hàng Nhật Bản
cafe gần Tân Phú có không,cafe
tìm shop tốt ở Gò Vấp,shop Gò Vấp
cafe gần Phú Nhuận có không,cafe
phòng tập gần Quận 4 có không,phòng tập
bạn biết shop nào ở Quận 5 không,shop
tìm bệnh viện tốt ở Quận 2,bệnh viện Quận 2
cửa hàng gần Tân Phú có không,cửa hàng
cocktail sang trọng,bar quán
cần phòng khám tiêu hóa,phòng khám tiêu hóa
tìm nhà hàng tốt ở Tân Phú,nhà hàng Tân Phú
bệnh viện gần Tân Phú có không,bệnh viện
quán cơm cuộn ở TP,quán cơm cuộn
bệnh viện gần Quận 2 có không,bệnh viện
tìm phòng tốt ở Phú Nhuận,phòng Phú Nhuận
bạn biết bãi gửi nào ở Gò Vấp không,bãi gửi
bạn biết tiệm nào ở Tân Bình không,tiệm
tiệm gần Quận 10 có không,tiệm
ăn thử món lẩu bò cay Tứ Xuyên,quán lẩu nướng
bánh cuốn nóng tươi,quán bánh cuốn
sửa điện thoại nhanh chóng,dịch vụ sửa điện thoại
cửa hàng gần Quận 11 có không,cửa hàng
trạm xăng gần Quận 8 có không,trạm xăng
tìm shop tốt ở Quận 5,shop Quận 5
bạn biết cafe nào ở Thủ Đức không,cafe
triển lãm tranh sơn dầu,phòng trưng bày
phòng gần Quận 5 có không,phòng
bạn biết cửa hàng nào ở Quận 12 không,cửa hàng
tìm phòng tốt ở Quận 1,phòng Quận 1
cafe gần Quận 3 có không,cafe
tìm cafe tốt ở Quận 10,cafe Quận 10
mỳ quảng Đà Nẵng,quán mỳ quảng
bạn biết cây ATM nào ở Quận 8 không,cây ATM
bạn biết trạm nào ở Tân Bình không,trạm
bạn biết tiệm nào ở Quận 4 không,tiệm
cửa hàng gần Bình Tân có không,cửa hàng
cần phòng khám bệnh lây nhiễm,phòng khám bệnh truyền nhiễm
bệnh viện gần Quận 6 có không,bệnh viện
tìm tiệm tốt ở Thủ Đức,tiệm Thủ Đức
